id,title,url,description,content,author,date,image
218208,Dil Bariyeri Artık 'Gerçekten' Tarih Oldu: Yeni Gemini 3.5 Live Translate ile Tanışın!,https://www.webtekno.com/gemini-3-5-live-translate-duyuruldu-h218208.html,"Google, yeni Gemini 3.5 Live Translate ile dil bariyerini gerçek anlamda kırıyor.","HaberlerWebteknoYapay Zekâ Haberleri ve İçerikleriDil Bariyeri Artık 'Gerçekten' Tarih Oldu: Yeni Gemini 3.5 Live Translate ile Tanışın!Dil Bariyeri Artık 'Gerçekten' Tarih Oldu: Yeni Gemini 3.5 Live Translate ile Tanışın!×Webtekno'yu Google'a ekleyinWebtekno'yu Google'da tercih edilen kaynak olarak
        ekleyinGoogle, yeni Gemini 3.5 Live Translate ile dil bariyerini gerçek anlamda kırıyor.Barış Bulut /Editor10.06.2026 13:09Paylaş0Google, yeni yapay zekâsıGemini 3.5 Live Translatemodelini du",Barış Bulut /Editor10.06.2026 13:09,2026-06-10T13:09:59+03:00,https://img.youtube.com/vi/TNwKs39uSVk/mqdefault.jpg
218075,ChatGPT’ye Çıktığı Günden Bu Yana En Büyük Güncelleme Geliyor: Artık Sadece Sohbet Etmeyecek,https://www.webtekno.com/chatgpt-en-buyuk-guncelleme-geliyor-h218075.html,"ChatGPT büyük güncelleme ile sadece sohbet edilen bir yapay zekâ olmaktan çıkıp kodlama, ajanlar ve uygulamalarla çalışan süper uygulamaya dönüşebilir.","HaberlerWebteknoYapay Zekâ Haberleri ve İçerikleriChatGPT’ye Çıktığı Günden Bu Yana En Büyük Güncelleme Geliyor: Artık Sadece Sohbet EtmeyecekChatGPT’ye Çıktığı Günden Bu Yana En Büyük Güncelleme Geliyor: Artık Sadece Sohbet Etmeyecek×Webtekno'yu Google'a ekleyinWebtekno'yu Google'da tercih edilen kaynak olarak
        ekleyinChatGPT büyük bir güncelleme ile bugüne kadarki en kapsamlı değişimlerinden birine hazırlanıyor olabilir. OpenAI’ın popüler yapay zekâ aracını yalnızca sohbet edilen bir bo",Beyazıt Kartal /Product Content Manager08.06.2026 11:35,2026-06-08T11:35:20+03:00,https://imgrosetta.webtekno.com/file/665815/665815-1280x720.png
218232,Gemini Çöktü mü? Gemini'de Yeni Sohbet Başlatılamıyor!,https://www.webtekno.com/gemini-coktu-mu-h218232.html,Google&#039;ın yapay zekâsı Gemini&#039;de son bir saattir yeni bir sohbet başlatılamıyor. Peki Gemini çöktü mü?,"HaberlerWebteknoYapay Zekâ Haberleri ve İçerikleriGemini Çöktü mü? Gemini'de Yeni Sohbet Başlatılamıyor!Gemini Çöktü mü? Gemini'de Yeni Sohbet Başlatılamıyor!×Webtekno'yu Google'a ekleyinWebtekno'yu Google'da tercih edilen kaynak olarak
        ekleyinGoogle'ın yapay zekâsı Gemini'de son bir saattir yeni bir sohbet başlatılamıyor. Peki Gemini çöktü mü?Barış Bulut /Editor10.06.2026 16:08Paylaş0En çok kullanılan yapay zekâlardan biri olanGoogle'ın yapay zekâsıGemini, son bir saattir çökmüş durumda",Barış Bulut /Editor10.06.2026 16:08,2026-06-10T16:08:28+03:00,https://imgrosetta.webtekno.com/file/666264/666264-1280x720.jpg
209695,ChatGPT En İyi Gerçekçi Fotoğraf Promptları,https://www.webtekno.com/chatgpt-en-iyi-gercekci-fotograf-promptlari-h209695.html,"ChatGPT ile en iyi gerçekçi fotoğraf promptlarını hazırlamak, yapay zekâ destekli görsel üretim süreçlerinde daha net, doğal ve yüksek kaliteli sonuçlar elde etmenizi sağlar. Peki ChatGPT gerçekçi fotoğraf promptları nedir? Bunlar, ışık, kompozisyon, açı...","HaberlerWebteknoYapay Zekâ Haberleri ve İçerikleriChatGPT En İyi Gerçekçi Fotoğraf PromptlarıChatGPT En İyi Gerçekçi Fotoğraf Promptları×Webtekno'yu Google'a ekleyinWebtekno'yu Google'da tercih edilen kaynak olarak
        ekleyinChatGPT ile en iyi gerçekçi fotoğraf promptlarını hazırlamak, yapay zekâ destekli görsel üretim süreçlerinde daha net, doğal ve yüksek kaliteli sonuçlar elde etmenizi sağlar. Peki ChatGPT gerçekçi fotoğraf promptları nedir? Bunlar, ışık, kompozisyon, açı ve atmosfer gib",Deniz Şen /26.12.2025 02:00,2025-12-26T02:00:02+03:00,https://imgrosetta.webtekno.com/file/641809/641809-1280x720.jpg
218226,ChatGPT ile Ürkütücü Görsel Üretme Akımını Açıkladık: Arka Planda Aslında Neler Oluyor?,https://www.webtekno.com/chatgpt-urkutucu-gorsel-uretme-akimini-acikladik-h218226.html,Son günlerde sosyal medyayı çepeçevre saran ChatGPT ile ürkütücü ve garip görseller üretme akımını sizler için masaya yatırdık.,"HaberlerWebteknoYapay Zekâ Haberleri ve İçerikleriChatGPT ile Ürkütücü Görsel Üretme Akımını Açıkladık: Arka Planda Aslında Neler Oluyor?ChatGPT ile Ürkütücü Görsel Üretme Akımını Açıkladık: Arka Planda Aslında Neler Oluyor?×Webtekno'yu Google'a ekleyinWebtekno'yu Google'da tercih edilen kaynak olarak
        ekleyinSon günlerde sosyal medyayı çepeçevre saran ChatGPT ile ürkütücü ve garip görseller üretme akımını sizler için masaya yatırdık.Barış Bulut /Editor10.06.2026 17:36Paylaş02024 yılında,",Barış Bulut /Editor10.06.2026 17:36,2026-06-10T17:36:28+03:00,https://imgrosetta.webtekno.com/file/666255/666255-1280x720.jpg
218262,ChatGPT Kullanıcıları Müjde: Yakında Fiyatlara İndirim Gelebilir!,https://www.webtekno.com/chatgpt-fiyatlara-indirim-gelebilir-h218262.html,"İddialara göre OpenAI, rakiplerinin bulunduğu ortamda rekabetçi olmaya devam edebilmek için fiyatlarında indirime gidecek.","HaberlerWebteknoYapay Zekâ Haberleri ve İçerikleriChatGPT Kullanıcıları Müjde: Yakında Fiyatlara İndirim Gelebilir!ChatGPT Kullanıcıları Müjde: Yakında Fiyatlara İndirim Gelebilir!×Webtekno'yu Google'a ekleyinWebtekno'yu Google'da tercih edilen kaynak olarak
        ekleyinİddialara göre OpenAI, rakiplerinin bulunduğu ortamda rekabetçi olmaya devam edebilmek için fiyatlarında indirime gidecek.Barış Bulut /Editor11.06.2026 13:15Paylaş0Yapay zekâ araçlarına ödediğimiz miktarlar giderek katlanır hâ",Barış Bulut /Editor11.06.2026 13:15,2026-06-11T13:15:28+03:00,https://imgrosetta.webtekno.com/file/666348/666348-1280x720.jpg
218259,"Google, 4 Kat Daha Hızlı Metin Üreten Yeni Modeli DiffusionGemma'yı Tanıttı",https://www.webtekno.com/google-diffusiongemma-tanitti-h218259.html,"Google, 4 kat daha hızlı metin üreten yeni modelini bugün görücüye çıkardı.","HaberlerWebteknoYapay Zekâ Haberleri ve İçerikleriGoogle, 4 Kat Daha Hızlı Metin Üreten Yeni Modeli DiffusionGemma'yı TanıttıGoogle, 4 Kat Daha Hızlı Metin Üreten Yeni Modeli DiffusionGemma'yı Tanıttı×Webtekno'yu Google'a ekleyinWebtekno'yu Google'da tercih edilen kaynak olarak
        ekleyinGoogle, 4 kat daha hızlı metin üreten yeni modelini bugün görücüye çıkardı. Peki bu model başka neler yapabiliyor?Barış Bulut /Editor11.06.2026 12:40Paylaş0Google,DiffusionGemmaadını verdiği yeni dil modeli",Barış Bulut /Editor11.06.2026 12:40,2026-06-11T12:40:46+03:00,https://imgrosetta.webtekno.com/file/666341/666341-1280x720.jpg
218256,Dünya Kupası Heyecanınızı Yansıtmanın Yeni Yolu: #MessiMode Akımıyla Saçlarınızı Boyayın!,https://www.webtekno.com/messimode-akimiyla-saclarinizi-boyayin-h218256.html,ChatGPT ile Lionel Messi arasındaki ortaklık sonucu #MessiMode akımı sosyal medyada trend oldu.,"HaberlerWebteknoYapay Zekâ Haberleri ve İçerikleriDünya Kupası Heyecanınızı Yansıtmanın Yeni Yolu: #MessiMode Akımıyla Saçlarınızı Boyayın!Dünya Kupası Heyecanınızı Yansıtmanın Yeni Yolu: #MessiMode Akımıyla Saçlarınızı Boyayın!×Webtekno'yu Google'a ekleyinWebtekno'yu Google'da tercih edilen kaynak olarak
        ekleyinChatGPT ile Lionel Messi arasındaki ortaklık sonucu #MessiMode akımı sosyal medyada trend oldu.Barış Bulut /Editor11.06.2026 12:16Paylaş02026 FIFA Dünya Kupası heyecanı resmen ge",Barış Bulut /Editor11.06.2026 12:16,2026-06-11T12:16:03+03:00,https://imgrosetta.webtekno.com/file/666327/666327-1280x720.jpg
218217,"Apple'ın Yeni Yapay Zekâ Modelinin ""Gemini""ya Dair Hiçbir Şey İçermediği Açıklandı",https://www.webtekno.com/apple-yeni-yapay-zeka-modeli-gemini-icermedigi-aciklandi-h218217.html,Apple daha önce yeni yapay zekâ modelini Gemini ile yapılan ortaklık doğrultusunda geliştireceğini açıklamıştı. Şimdi ise şirketin önemli bir isminden yeni bir açıklama geldi.,"HaberlerWebteknoYapay Zekâ Haberleri ve İçerikleriApple'ın Yeni Yapay Zekâ Modelinin ""Gemini""ya Dair Hiçbir Şey İçermediği AçıklandıApple'ın Yeni Yapay Zekâ Modelinin ""Gemini""ya Dair Hiçbir Şey İçermediği Açıklandı×Webtekno'yu Google'a ekleyinWebtekno'yu Google'da tercih edilen kaynak olarak
        ekleyinApple daha önce yeni yapay zekâ modelini Gemini ile yapılan ortaklık doğrultusunda geliştireceğini açıklamıştı. Şimdi ise şirketin önemli bir isminden yeni bir açıklama geldi.Barış Bulut /Edit",Barış Bulut /Editor10.06.2026 14:43,2026-06-10T14:43:57+03:00,https://imgrosetta.webtekno.com/file/666226/666226-1280x720.jpg
218175,Yine Microsoft Yine Sızıntı İddiası: Bu Seferki Hedef Yapay Zekâ Geliştiricileri Oldu!,https://www.webtekno.com/microsoft-yapay-zeka-gelistiricileri-sizinti-h218175.html,"Yeni bir iddiaya göre Claude Code, Gemini CLI ve VS Code gibi popüler yapay zekâ araçlarıyla entegre çalışan Azure projelerine zararlı yazılımlar enjekte edildi.","HaberlerWebteknoYapay Zekâ Haberleri ve İçerikleriYine Microsoft Yine Sızıntı İddiası: Bu Seferki Hedef Yapay Zekâ Geliştiricileri Oldu!Yine Microsoft Yine Sızıntı İddiası: Bu Seferki Hedef Yapay Zekâ Geliştiricileri Oldu!×Webtekno'yu Google'a ekleyinWebtekno'yu Google'da tercih edilen kaynak olarak
        ekleyinYeni bir iddiaya göre Claude Code, Gemini CLI ve VS Code gibi popüler yapay zekâ araçlarıyla entegre çalışan Azure projelerine zararlı yazılımlar enjekte edildi.Barış Bulut /Editor09.0",Barış Bulut /Editor09.06.2026 16:03,2026-06-09T16:03:32+03:00,https://imgrosetta.webtekno.com/file/666145/666145-1280x720.jpg
218166,Tek Soruluk Dev Anket: Yazılımcılar Olarak En Çok Hangi Yapay Zekâyı Kullanıyorsunuz ve Neden?,https://www.webtekno.com/tek-soruluk-dev-anket-yazilimcilar-en-cok-hangi-yapay-zekayi-kullaniyorsunuz-h218166.html,Her hafta Webtekno olarak takipçilerimize gündemdeki yeni bir konuyu soruyor ve görüşlerini dinliyoruz.,"HaberlerWebteknoYapay Zekâ Haberleri ve İçerikleriTek Soruluk Dev Anket: Yazılımcılar Olarak En Çok Hangi Yapay Zekâyı Kullanıyorsunuz ve Neden?Tek Soruluk Dev Anket: Yazılımcılar Olarak En Çok Hangi Yapay Zekâyı Kullanıyorsunuz ve Neden?×Webtekno'yu Google'a ekleyinWebtekno'yu Google'da tercih edilen kaynak olarak
        ekleyinHer hafta Webtekno olarak takipçilerimize gündemdeki yeni bir konuyu soruyor ve görüşlerini dinliyoruz. Bu haftaki sorumuz ise ""Yazılımcılar olarak en çok hangi yapay z",Barış Bulut /Editor09.06.2026 14:06,2026-06-09T14:06:49+03:00,https://imgrosetta.webtekno.com/file/666122/666122-1280x720.jpg
218163,Dünyanın İlk Rüzgâr Enerjisiyle Çalışan Su Altı Veri Merkezi Açıldı,https://www.webtekno.com/ruzgar-enerjisiyle-calisan-su-alti-veri-merkezi-h218163.html,Çin&#039;de dünyanın ilk rüzgâr enerjili su altı yapay zekâ veri merkezi faaliyete başladı.,"HaberlerWebteknoYapay Zekâ Haberleri ve İçerikleriDünyanın İlk Rüzgâr Enerjisiyle Çalışan Su Altı Veri Merkezi AçıldıDünyanın İlk Rüzgâr Enerjisiyle Çalışan Su Altı Veri Merkezi Açıldı×Webtekno'yu Google'a ekleyinWebtekno'yu Google'da tercih edilen kaynak olarak
        ekleyinÇin'de dünyanın ilk rüzgâr enerjili su altı yapay zekâ veri merkezi faaliyete başladı.Gökay Uyan /Editor09.06.2026 14:07Paylaş0Yapay zekâteknolojileri gün geçtikçe daha da yaygın hâle gelirkenveri merkezlerininönemi de büy",Gökay Uyan /Editor09.06.2026 14:07,2026-06-09T14:07:18+03:00,https://imgrosetta.webtekno.com/file/666116/666116-1280x720.jpg
218130,"Siri AI, Avrupa’da Kullanıma Sunulamayacak",https://www.webtekno.com/siri-ai-avrupa-kullanima-sunulamayacak-h218130.html,"Apple, Siri AI’ın Avrupa Birliği’nde iOS 27 ve iPadOS 27 ile sunulmayacağını açıkladı. Kararın nedeni DMA oldu.","HaberlerWebteknoYapay Zekâ Haberleri ve İçerikleriSiri AI, Avrupa’da Kullanıma SunulamayacakSiri AI, Avrupa’da Kullanıma Sunulamayacak×Webtekno'yu Google'a ekleyinWebtekno'yu Google'da tercih edilen kaynak olarak
        ekleyinApple’ın yeni Siri AI deneyimi, Avrupa Birliği’nde iOS 27 ve iPadOS 27 ile kullanıma sunulmayacak. Şirket, bu kararın DMA düzenlemeleri nedeniyle alındığını söylerken, iPhone ve iPad kullanıcıları yeni Siri özellikleri için beklemek zorunda kalacak.Beyazıt Kartal /Product",Beyazıt Kartal /Product Content Manager08.06.2026 22:19,2026-06-08T22:19:44+03:00,https://imgrosetta.webtekno.com/file/666021/666021-1280x720.jpg
218127,"Apple, Siri’yi Baştan Aşağı Değiştiriyor: İşte Siri AI ve Yeni Apple Intelligence ile Gelecek Tüm Özellikler",https://www.webtekno.com/siri-ai-yeni-apple-intelligence-tum-ozellikler-h218127.html,"Apple, WWDC 2026’da Siri ve Apple Intelligence için bugüne kadarki en büyük yapay zekâ hamlelerinden birini duyurdu. ","HaberlerWebteknoYapay Zekâ Haberleri ve İçerikleriApple, Siri’yi Baştan Aşağı Değiştiriyor: İşte Siri AI ve Yeni Apple Intelligence ile Gelecek Tüm ÖzelliklerApple, Siri’yi Baştan Aşağı Değiştiriyor: İşte Siri AI ve Yeni Apple Intelligence ile Gelecek Tüm Özellikler×Webtekno'yu Google'a ekleyinWebtekno'yu Google'da tercih edilen kaynak olarak
        ekleyinApple, WWDC 2026’da Siri ve Apple Intelligence için bugüne kadarki en büyük yapay zekâ hamlelerinden birini duyurdu. Yeni Siri AI; artık dah",Beyazıt Kartal /Product Content Manager08.06.2026 22:01,2026-06-08T22:01:28+03:00,https://imgrosetta.webtekno.com/file/666018/666018-1280x720.jpg
218106,ChatGPT'nin Ultra Güvenlik Modu Lockdown Duyuruldu: Peki Neyi Değiştiriyor?,https://www.webtekno.com/chatgpt-lockdown-duyuruldu-h218106.html,"ChatGPT&#039;nin Ultra Güvenlik Modu Lockdown, prompt injection kaynaklı veri sızıntısı riskine karşı bazı güçlü özellikleri sınırlandırıyor.","HaberlerWebteknoYapay Zekâ Haberleri ve İçerikleriChatGPT'nin Ultra Güvenlik Modu Lockdown Duyuruldu: Peki Neyi Değiştiriyor?ChatGPT'nin Ultra Güvenlik Modu Lockdown Duyuruldu: Peki Neyi Değiştiriyor?×Webtekno'yu Google'a ekleyinWebtekno'yu Google'da tercih edilen kaynak olarak
        ekleyinOpenAI, hassas verilerle çalışan kullanıcılar için ChatGPT'nin Ultra Güvenlik Modu Lockdown seçeneğini duyurdu. Yeni mod; canlı web tarama, ajan modu ve dosya indirme gibi bazı yetenekleri sınırlandırarak p",Beyazıt Kartal /Product Content Manager08.06.2026 16:41,2026-06-08T16:41:48+03:00,https://imgrosetta.webtekno.com/file/665924/665924-1280x720.png
218026,"Claude'un Arkasındaki Şirket Anthropic'ten Korkunç Uyarı: ""Hep Birlikte Yapay Zekâdan Vazgeçmemiz Gerekiyor""",https://www.webtekno.com/claude-arkasindaki-sirket-anthropic-korkunc-uyari-h218026.html,"Anthropic, tüm dünyadaki ülkelerin ortak bir kararla yapay zekâ geliştirme sürecini durdurması gerektiğini söyledi.","HaberlerWebteknoYapay Zekâ Haberleri ve İçerikleriClaude'un Arkasındaki Şirket Anthropic'ten Korkunç Uyarı: ""Hep Birlikte Yapay Zekâdan Vazgeçmemiz Gerekiyor""Claude'un Arkasındaki Şirket Anthropic'ten Korkunç Uyarı: ""Hep Birlikte Yapay Zekâdan Vazgeçmemiz Gerekiyor""×Webtekno'yu Google'a ekleyinWebtekno'yu Google'da tercih edilen kaynak olarak
        ekleyinAnthropic, tüm dünyadaki ülkelerin ortak bir kararla yapay zekâ geliştirme sürecini durdurması gerektiğini söyledi.Barış Bulut /Editor05.06.",Barış Bulut /Editor05.06.2026 12:55,2026-06-05T12:55:51+03:00,https://imgrosetta.webtekno.com/file/665712/665712-1280x720.jpg
218004,ChatGPT'nin Hafıza Özelliği Güncellendi: En Büyük Sorunu Çözüldü!,https://www.webtekno.com/chatgpt-hafiza-ozelligi-guncellendi-h218004.html,"OpenAI, ChatGPT&#039;nin hafıza özellğini güncellediğini duyurdu.","HaberlerWebteknoYapay Zekâ Haberleri ve İçerikleriChatGPT'nin Hafıza Özelliği Güncellendi: En Büyük Sorunu Çözüldü!ChatGPT'nin Hafıza Özelliği Güncellendi: En Büyük Sorunu Çözüldü!×Webtekno'yu Google'a ekleyinWebtekno'yu Google'da tercih edilen kaynak olarak
        ekleyinOpenAI, ChatGPT'nin hafıza özellğini güncellediğini duyurdu. Artık sizi çok daha iyi hatırlayabilecek.Gökay Uyan /Editor05.06.2026 10:34Paylaş0Yakın zamanda 1 milyar kullanıcıya ulaşarak rekor kıran dünyanın en popüler yapay z",Gökay Uyan /Editor05.06.2026 10:34,2026-06-05T10:34:09+03:00,https://imgrosetta.webtekno.com/file/665650/665650-1280x720.jpg
217963,"Google, Laptoplarda Yerel Çalışabilen Yeni Yapay Zekâ Modeli Gemma 4 12B'yi Duyurdu: Neler Yapabiliyor?",https://www.webtekno.com/google-gemma-4-12b-duyurdu-h217963.html,Google yeni nesil açık kaynaklı yapay zekâ modeli Gemma 4 12B&#039;yi resmî olarak tanıttı.,"HaberlerWebteknoYapay Zekâ Haberleri ve İçerikleriGoogle, Laptoplarda Yerel Çalışabilen Yeni Yapay Zekâ Modeli Gemma 4 12B'yi Duyurdu: Neler Yapabiliyor?Google, Laptoplarda Yerel Çalışabilen Yeni Yapay Zekâ Modeli Gemma 4 12B'yi Duyurdu: Neler Yapabiliyor?×Webtekno'yu Google'a ekleyinWebtekno'yu Google'da tercih edilen kaynak olarak
        ekleyinGoogle, harici çok modlu kodlayıcıları tamamen ortadan kaldıran, ses ve görüntü girdilerini doğrudan işleyebilen yeni nesil açık kaynaklı yapay zekâ m",Barış Bulut /Editor04.06.2026 12:22,2026-06-04T12:22:08+03:00,https://imgrosetta.webtekno.com/file/665538/665538-1280x720.jpg
217923,"Google, Yapay Zekâ Altyapılarına Dudak Uçuklatan Yatırım Yapacağını Açıkladı",https://www.webtekno.com/google-yapay-zeka-80-milyar-dolar-yatirim-h217923.html,"Google’ın çatı şirketi Alphabet, yapay zekâ altyapılarına 80 milyar dolar yatırım yapacağını açıkladı.","HaberlerWebteknoYapay Zekâ Haberleri ve İçerikleriGoogle, Yapay Zekâ Altyapılarına Dudak Uçuklatan Yatırım Yapacağını AçıkladıGoogle, Yapay Zekâ Altyapılarına Dudak Uçuklatan Yatırım Yapacağını Açıkladı×Webtekno'yu Google'a ekleyinWebtekno'yu Google'da tercih edilen kaynak olarak
        ekleyinGoogle’ın çatı şirketi Alphabet, yapay zekâ altyapılarına 80 milyar dolar yatırım yapacağını açıkladı.Gökay Uyan /Editor03.06.2026 17:14Paylaş0Yapay zekâdeyince akla gelen ilk firmalardan biri şüphesiz Go",Gökay Uyan /Editor03.06.2026 17:14,2026-06-03T17:14:26+03:00,https://imgrosetta.webtekno.com/file/665428/665428-1280x720.jpg
217867,"Microsoft, OpenClaw Tabanlı Yapay Zekâ Kişisel Asistanı Scout'ı Duyurdu!",https://www.webtekno.com/microsoft-scout-yapay-zeka-asistani-h217867.html,"Microsoft, OpenClaw tabanlı yapay zekâ kişisel asistanı Scout&#039;ı resmen tanıttı.","HaberlerWebteknoYapay Zekâ Haberleri ve İçerikleriMicrosoft, OpenClaw Tabanlı Yapay Zekâ Kişisel Asistanı Scout'ı Duyurdu!Microsoft, OpenClaw Tabanlı Yapay Zekâ Kişisel Asistanı Scout'ı Duyurdu!×Webtekno'yu Google'a ekleyinWebtekno'yu Google'da tercih edilen kaynak olarak
        ekleyinMicrosoft, OpenClaw tabanlı yapay zekâ kişisel asistanı Scout'ı resmen tanıttı.Gökay Uyan /Editor03.06.2026 11:09Paylaş0Microsoft, her yıl düzenlediği Build isimli geliştirici konferansının 2026 ayağını dün resme",Gökay Uyan /Editor03.06.2026 11:09,2026-06-03T11:09:11+03:00,https://imgrosetta.webtekno.com/file/665269/665269-1280x720.jpg
217857,"Microsoft, Kendi Yapay Zekâ Modellerini Duyurdu: Karşınızda MAI Serisi",https://www.webtekno.com/microsoft-kendi-yapay-zeka-modelleri-duyurdu-h217857.html,"Microsoft, Build etkinliği kapsamında kendi yapay zekâ modellerini duyurdu.","HaberlerWebteknoYapay Zekâ Haberleri ve İçerikleriMicrosoft, Kendi Yapay Zekâ Modellerini Duyurdu: Karşınızda MAI SerisiMicrosoft, Kendi Yapay Zekâ Modellerini Duyurdu: Karşınızda MAI Serisi×Webtekno'yu Google'a ekleyinWebtekno'yu Google'da tercih edilen kaynak olarak
        ekleyinMicrosoft, Build etkinliği kapsamında kendi yapay zekâ modellerini duyurdu. MAI ismi altında toplamda 7 adet model duyuruldu.Gökay Uyan /Editor03.06.2026 09:35Paylaş0Dünyanın en büyük teknoloji şirketlerinden biri ol",Gökay Uyan /Editor03.06.2026 09:35,2026-06-03T09:35:33+03:00,https://imgrosetta.webtekno.com/file/665247/665247-1280x720.jpg
217750,"Google Gemini, Türkiye Millî Futbol Takımları'nın Resmî Sponsoru Oldu",https://www.webtekno.com/google-gemini-turkiye-milli-futbol-takimlari-resmi-sponsoru-oldu-h217750.html,"Google Gemini, 2026 Dünya Kupası öncesinde Türkiye Millî Futbol Takımları&#039;nın resmî sponsoru oldu.","HaberlerWebteknoYapay Zekâ Haberleri ve İçerikleriGoogle Gemini, Türkiye Millî Futbol Takımları'nın Resmî Sponsoru OlduGoogle Gemini, Türkiye Millî Futbol Takımları'nın Resmî Sponsoru Oldu×Webtekno'yu Google'a ekleyinWebtekno'yu Google'da tercih edilen kaynak olarak
        ekleyinGoogle Gemini, 2026 Dünya Kupası öncesinde Türkiye Millî Futbol Takımları'nın resmî sponsoru oldu.Barış Bulut /Editor01.06.2026 15:30Paylaş02026 Dünya Kupası'nın meraklı ve heyecanlı bekleyişi sürerken Türkiye Futbol F",Barış Bulut /Editor01.06.2026 15:30,2026-06-01T15:30:41+03:00,https://imgrosetta.webtekno.com/file/665019/665019-1280x720.jpg
217723,"NVIDIA, Robot ve Otonom Araçların Yeni Kalbi ""Cosmos 3""ü Tanıttı",https://www.webtekno.com/nvidia-cosmos-3-tanitti-h217723.html,"NVIDIA, robot ve otonom araçlarda kullanılacak tamamen açık omnimodel Cosmos 3&#039;ü tanıttı.","HaberlerWebteknoYapay Zekâ Haberleri ve İçerikleriNVIDIA, Robot ve Otonom Araçların Yeni Kalbi ""Cosmos 3""ü TanıttıNVIDIA, Robot ve Otonom Araçların Yeni Kalbi ""Cosmos 3""ü Tanıttı×Webtekno'yu Google'a ekleyinWebtekno'yu Google'da tercih edilen kaynak olarak
        ekleyinNVIDIA, robot ve otonom araçlarda kullanılacak tamamen açık omnimodel Cosmos 3'ü tanıttı.Barış Bulut /Editor01.06.2026 12:18Paylaş0Yapay zekâ bugüne kadar metinler yazdı, şahane görseller üretti, hatta videolar kurguladı. Peki g",Barış Bulut /Editor01.06.2026 12:18,2026-06-01T12:18:20+03:00,https://imgrosetta.webtekno.com/file/664968/664968-1280x720.jpg
217707,"NVIDIA, İnsansı Robot Platformu Isaac GR00T'u Tanıttı: Ne İşe Yarayacak?",https://www.webtekno.com/nvidia-isaac-gr00t-duyurdu-h217707.html,"NVIDIA, akademik araştırmalar için geliştirilen insansı robot platformu Isaac GR00T&#039;u duyurdu.","HaberlerWebteknoYapay Zekâ Haberleri ve İçerikleriNVIDIA, İnsansı Robot Platformu Isaac GR00T'u Tanıttı: Ne İşe Yarayacak?NVIDIA, İnsansı Robot Platformu Isaac GR00T'u Tanıttı: Ne İşe Yarayacak?×Webtekno'yu Google'a ekleyinWebtekno'yu Google'da tercih edilen kaynak olarak
        ekleyinNVIDIA, akademik araştırmalar için geliştirilen insansı robot platformu Isaac GR00T'u duyurdu.Gökay Uyan /Editor01.06.2026 09:58Paylaş0Dünyanın en büyük teknoloji etkinliklerinden biri olarak nitelendirebileceğim",Gökay Uyan /Editor01.06.2026 09:58,2026-06-01T09:58:03+03:00,https://imgrosetta.webtekno.com/file/664933/664933-1280x720.jpg
217698,Gemini Kullanıcılarını Etkileyecek Değişiklik: Günlük Mesaj Sınırı Dönemi Sona Eriyor,https://www.webtekno.com/gemini-kullanicilarini-etkileyecek-h217698.html,"Google, Gemini&#039;da günlük mesaj sınırlarını kaldırarak işlem gücüne dayalı yeni kullanım sistemine geçiyor. Yeni model, beş saatlik ve haftalık limitlerle özellikle yoğun kullanıcıları etkileyebilir.","HaberlerWebteknoYapay Zekâ Haberleri ve İçerikleriGemini Kullanıcılarını Etkileyecek Değişiklik: Günlük Mesaj Sınırı Dönemi Sona EriyorGemini Kullanıcılarını Etkileyecek Değişiklik: Günlük Mesaj Sınırı Dönemi Sona Eriyor×Webtekno'yu Google'a ekleyinWebtekno'yu Google'da tercih edilen kaynak olarak
        ekleyinGoogle, Gemini için uyguladığı kullanım limitlerinde yeni bir değişikliğe gidiyor. Şirket, günlük mesaj sınırları yerine yapay zekâ işlemlerinin gerektirdiği işlem gücünü temel alan yeni",Deniz Şen /29.05.2026 14:21,2026-05-29T14:21:56+03:00,https://imgrosetta.webtekno.com/file/664906/664906-1280x720.jpg
217687,Anthropic Trilyon Dolarlık Şirket Oluyor: Rekor Yatırım Hamlesi!,https://www.webtekno.com/anthropic-trilyon-dolarlik-sirket-oluyor-rekor-yatirim-hamlesi-h217687.html,"Anthropic, Series H yatırım turunda 65 milyar dolar fon topladı. Şirketin değeri 965 milyar dolara ulaşırken, OpenAI&#039;ı geride bırakarak halka arz öncesinde dikkatleri üzerine çekti.","HaberlerWebteknoYapay Zekâ Haberleri ve İçerikleriAnthropic Trilyon Dolarlık Şirket Oluyor: Rekor Yatırım Hamlesi!Anthropic Trilyon Dolarlık Şirket Oluyor: Rekor Yatırım Hamlesi!×Webtekno'yu Google'a ekleyinWebtekno'yu Google'da tercih edilen kaynak olarak
        ekleyinYapay zekâ şirketi Anthropic, yeni yatırım turunda 65 milyar dolar fon topladığını duyurdu. Şirketin değeri 965 milyar dolara ulaşırken, Anthropic halka arz öncesinde OpenAI'ı geride bırakmayı başardı.Deniz Şen /29.05.2026 17:24",Deniz Şen /29.05.2026 17:24,2026-05-29T17:24:02+03:00,https://imgrosetta.webtekno.com/file/664882/664882-1280x720.jpg
217686,ElevenLabs Duyurdu: Marvel Efsanesi Stan Lee'nin Sesi Yapay Zekâyla Sonsuza Kadar Yaşayacak,https://www.webtekno.com/elevenlabs-duyurdu-marvel-stan-lee-ses-yapay-zeka-h217686.html,"ElevenLabs, Stan Lee Universe ile yaptığı iş birliği kapsamında Stan Lee&#039;nin sesini ve görüntüsünü yapay zekâ platformuna taşıdı. Marvel efsanesinin dijital dönüşü, yapay zekâ ve dijital miras tartışmalarını yeniden gündeme getirdi.","HaberlerWebteknoYapay Zekâ Haberleri ve İçerikleriElevenLabs Duyurdu: Marvel Efsanesi Stan Lee'nin Sesi Yapay Zekâyla Sonsuza Kadar YaşayacakElevenLabs Duyurdu: Marvel Efsanesi Stan Lee'nin Sesi Yapay Zekâyla Sonsuza Kadar Yaşayacak×Webtekno'yu Google'a ekleyinWebtekno'yu Google'da tercih edilen kaynak olarak
        ekleyinMarvel evreninin mimarlarından Stan Lee, yapay zekâ teknolojileri sayesinde dijital dünyada yeniden hayat buluyor. ElevenLabs, Stan Lee'nin sesini ve görüntüsünü platformuna ",Deniz Şen /29.05.2026 17:23,2026-05-29T17:23:49+03:00,https://imgrosetta.webtekno.com/file/664875/664875-1280x720.jpg
217675,4 Kat Daha Dürüst Yapay Zekâ: Claude Opus 4.8 Duyuruldu,https://www.webtekno.com/claude-opus-4-8-duyuruldu-h217675.html,"Anthropic, Claude Opus 4.8’i duyurdu. Yeni model kodlama, ajan görevleri ve akıl yürütmede gelişirken, şirketin açıklamasına göre 4 kat daha dürüst çalışıyor.","HaberlerWebteknoYapay Zekâ Haberleri ve İçerikleri4 Kat Daha Dürüst Yapay Zekâ: Claude Opus 4.8 Duyuruldu4 Kat Daha Dürüst Yapay Zekâ: Claude Opus 4.8 Duyuruldu×Webtekno'yu Google'a ekleyinWebtekno'yu Google'da tercih edilen kaynak olarak
        ekleyinAnthropic, yeni yapay zekâ modeli Claude Opus 4.8’i duyurdu. Model; kodlama, akıl yürütme ve ajan görevlerinde daha iyi sonuçlar sunarken, şirketin açıklamasına göre önceki sürüme kıyasla hataları fark etme ve belirsizlikleri belirtme konusunda ç",Beyazıt Kartal /Product Content Manager29.05.2026 13:23,2026-05-29T13:23:16+03:00,https://imgrosetta.webtekno.com/file/664855/664855-1280x720.jpg
217636,"Lenovo, Çocuklar İçin Hayat Kurtarıcı Olacak Kameralı, SOS Düğmeli ve Yapay Zekalı bir 'Cihaz"" Tanıttı",https://www.webtekno.com/lenovo-cocuklar-icin-yapay-zekali-cihaz-tanitti-h217636.html,"Lenovo’nun tanıttığı AI Companion isimli yeni cihaz, çocuklara yönelik yapay zekâ destekli eğitim ve güvenlik özellikleri sunuyor. Ürün; ebeveyn kontrolü, sesli asistan ve interaktif öğrenme araçlarıyla dikkat çekiyor.","HaberlerWebteknoYapay Zekâ Haberleri ve İçerikleriLenovo, Çocuklar İçin Hayat Kurtarıcı Olacak Kameralı, SOS Düğmeli ve Yapay Zekalı bir 'Cihaz"" TanıttıLenovo, Çocuklar İçin Hayat Kurtarıcı Olacak Kameralı, SOS Düğmeli ve Yapay Zekalı bir 'Cihaz"" Tanıttı×Webtekno'yu Google'a ekleyinWebtekno'yu Google'da tercih edilen kaynak olarak
        ekleyinLenovo, çocuklara özel geliştirdiği yeni yapay zekâ cihazını tanıttı. AI Companion adı verilen ürün; eğitim, güvenlik ve ebeveyn kontrolü özellikleriyle",Deniz Şen /28.05.2026 13:13,2026-05-28T13:13:47+03:00,https://imgrosetta.webtekno.com/file/664723/664723-1280x720.jpg
217630,"''AI Çılgınlığı Pahalıya Patlıyor, Verimlilik Sağlanamıyor'': Uber COO’sundan Yapay Zekâ Dünyasını Karıştıran Açıklama",https://www.webtekno.com/uber-coo-sundan-yapay-zeka-aciklama-h217630.html,"Uber COO’su Andrew Macdonald’ın açıklamaları sonrası “tokenmaxxing” kavramı teknoloji dünyasında yeniden gündem oldu. Tartışma, şirketlerin yapay zekâ kullanımına yaptığı dev harcamaları sorgulatıyor.","HaberlerWebteknoYapay Zekâ Haberleri ve İçerikleri''AI Çılgınlığı Pahalıya Patlıyor, Verimlilik Sağlanamıyor'': Uber COO’sundan Yapay Zekâ Dünyasını Karıştıran Açıklama''AI Çılgınlığı Pahalıya Patlıyor, Verimlilik Sağlanamıyor'': Uber COO’sundan Yapay Zekâ Dünyasını Karıştıran Açıklama×Webtekno'yu Google'a ekleyinWebtekno'yu Google'da tercih edilen kaynak olarak
        ekleyinUber COO’sunun yapay zekâ maliyetleriyle ilgili çıkışı teknoloji dünyasında yeni bir tartışmayı alevlendirdi. Tokenmaxxi",Deniz Şen /28.05.2026 11:02,2026-05-28T11:02:30+03:00,https://imgrosetta.webtekno.com/file/664704/664704-1280x720.jpg
217461,CEO’ların %99’u Yapay Zekâ Yüzünden Toplu İşten Çıkarmaya Hazırlanıyor,https://www.webtekno.com/ceo-yuzde-99-yapay-zeka-yuzunden-toplu-isten-cikarmaya-hazirlaniyor-h217461.html,Yeni araştırmaya göre CEO’ların %99’u yapay zekâ kaynaklı işten çıkarmalar bekliyor. Özellikle giriş seviyesi çalışanların risk altında olduğu belirtiliyor.,"HaberlerWebteknoYapay Zekâ Haberleri ve İçerikleriCEO’ların %99’u Yapay Zekâ Yüzünden Toplu İşten Çıkarmaya HazırlanıyorCEO’ların %99’u Yapay Zekâ Yüzünden Toplu İşten Çıkarmaya Hazırlanıyor×Webtekno'yu Google'a ekleyinWebtekno'yu Google'da tercih edilen kaynak olarak
        ekleyinYeni yayımlanan kapsamlı bir araştırma, CEO’ların neredeyse tamamının yapay zekâ nedeniyle işten çıkarmalar beklediğini ortaya koydu. Şirketler özellikle giriş seviyesi çalışanların yaptığı işleri AI sistemlerine dev",Beyazıt Kartal /Product Content Manager26.05.2026 14:47,2026-05-26T14:47:54+03:00,https://imgrosetta.webtekno.com/file/664209/664209-1280x720.jpg
217416,DeepSeek V4 Pro API'sine Kalıcı Olarak %75 İndirim Geldi,https://www.webtekno.com/deepseek-v4-pro-api-kalici-75-indirim-h217416.html,"DeepSeek, V4-Pro modeli için uyguladığı %75’lik API indirimini kalıcı hâle getirdiğini açıkladı.","HaberlerWebteknoYapay Zekâ Haberleri ve İçerikleriDeepSeek V4 Pro API'sine Kalıcı Olarak %75 İndirim GeldiDeepSeek V4 Pro API'sine Kalıcı Olarak %75 İndirim Geldi×Webtekno'yu Google'a ekleyinWebtekno'yu Google'da tercih edilen kaynak olarak
        ekleyinYapay zekâ dünyasının son dönemde en çok konuşulan şirketlerinden DeepSeek, geliştiricileri sevindirecek büyük bir karar aldı. Şirket, V4-Pro modeli için uyguladığı %75’lik API indirimini kalıcı hâle getirdiğini açıkladı. Yeni fiyatlar, sektörd",Beyazıt Kartal /Product Content Manager25.05.2026 11:06,2026-05-25T11:06:45+03:00,https://imgrosetta.webtekno.com/file/664014/664014-1280x720.png
217365,En İyi GEO Ajansları: Güncel Liste (2026),https://www.webtekno.com/en-iyi-geo-ajanslari-guncel-liste-2026-h217365.html,Hizmet veren en iyi GEO ajansları hangileri? Listeledik!,"HaberlerWebteknoYapay Zekâ Haberleri ve İçerikleriEn İyi GEO Ajansları: Güncel Liste (2026)En İyi GEO Ajansları: Güncel Liste (2026)×Webtekno'yu Google'a ekleyinWebtekno'yu Google'da tercih edilen kaynak olarak
        ekleyinDijital pazarlama tarafında oyun uzun zamandır sadece Google sıralamasından ibaret değil. Kullanıcı artık sorusunu yazıyor, karşısına çıkan on bağlantıyı tek tek açmak yerine doğrudan yapay zekâdan cevap bekliyor. Tam da bu yüzden son dönemin en çok konuşulan başlıklarından",Sponsorlu İçerik /22.05.2026 17:07,2026-05-22T17:07:56+03:00,https://imgrosetta.webtekno.com/file/663896/663896-1280x720.png
217293,"İçerik Üreticilerini Sevindirecek Gelişme: CapCut, Yeteneklerini Doğrudan Gemini'ye Taşıyor!",https://www.webtekno.com/capcut-yeteneklerini-dogrudan-gemini-tasiyor-h217293.html,"CapCut, Gemini ile yeteneklerini birleştirecek iş birliğini duyurdu.","HaberlerWebteknoYapay Zekâ Haberleri ve İçerikleriİçerik Üreticilerini Sevindirecek Gelişme: CapCut, Yeteneklerini Doğrudan Gemini'ye Taşıyor!İçerik Üreticilerini Sevindirecek Gelişme: CapCut, Yeteneklerini Doğrudan Gemini'ye Taşıyor!×Webtekno'yu Google'a ekleyinWebtekno'yu Google'da tercih edilen kaynak olarak
        ekleyinCapCut, Gemini ile yeteneklerini birleştirecek iş birliğini duyurdu.Barış Bulut /Editor21.05.2026 15:03Paylaş1İçerik üreticilerinin ve video kurgusuyla uğraşanların en büyü",Barış Bulut /Editor21.05.2026 15:03,2026-05-21T15:03:36+03:00,https://imgrosetta.webtekno.com/file/663658/663658-1280x720.jpg
217267,"OpenAI, 80 Yıllık Matematik Problemini Çözdüğünü İddia Ediyor (Bu Sefer Haklı mı?)",https://www.webtekno.com/openai-80-yillik-matematik-problemini-cozdugunu-iddia-ediyor-h217267.html,OpenAI daha önce bir kere daha iddia ettiği ve yalancı konumuna düştüğü 80 yıllık matematik problemini bir kez daha çözdüğünü iddia ediyor.,"HaberlerWebteknoYapay Zekâ Haberleri ve İçerikleriOpenAI, 80 Yıllık Matematik Problemini Çözdüğünü İddia Ediyor (Bu Sefer Haklı mı?)OpenAI, 80 Yıllık Matematik Problemini Çözdüğünü İddia Ediyor (Bu Sefer Haklı mı?)×Webtekno'yu Google'a ekleyinWebtekno'yu Google'da tercih edilen kaynak olarak
        ekleyinOpenAI daha önce bir kere daha iddia ettiği ve yalancı konumuna düştüğü 80 yıllık matematik problemini bir kez daha çözdüğünü iddia ediyor.Barış Bulut /Editor21.05.2026 12:42Paylaş0OpenAIyeni ",Barış Bulut /Editor21.05.2026 12:42,2026-05-21T12:42:54+03:00,https://imgrosetta.webtekno.com/file/663598/663598-1280x720.jpg
217204,"OpenAI, Şirketlerin Uzun Vadeli İşlem Gücüne Erişmesini Sağlayan “Garantili Kapasite” Hizmetini Duyurdu",https://www.webtekno.com/openai-garantili-kapasite-hizmeti-h217204.html,"OpenAI, müşterilerin uzun vadeli işlem gücüne erişim sağlama imkânı tanıyan Garantili Kapasite hizmetini duyurdu.","HaberlerWebteknoYapay Zekâ Haberleri ve İçerikleriOpenAI, Şirketlerin Uzun Vadeli İşlem Gücüne Erişmesini Sağlayan “Garantili Kapasite” Hizmetini DuyurduOpenAI, Şirketlerin Uzun Vadeli İşlem Gücüne Erişmesini Sağlayan “Garantili Kapasite” Hizmetini Duyurdu×Webtekno'yu Google'a ekleyinWebtekno'yu Google'da tercih edilen kaynak olarak
        ekleyinOpenAI, müşterilerin yapay zekâ ürünleri için uzun vadeli işlem gücüne erişim sağlama imkânı tanıyan Garantili Kapasite hizmetini duyurdu.Gökay Uyan /",Gökay Uyan /Editor20.05.2026 13:31,2026-05-20T13:31:15+03:00,https://imgrosetta.webtekno.com/file/663409/663409-1280x720.jpg
217203,"Sebebini Geliştiricileri Bile Bilmiyor: Claude, Kullanıcılara ""Artık Uyu"", ""Biraz Dinlenmelisin"" Gibi Yanıtlar Vermeye Başladı!",https://www.webtekno.com/claude-kullanicilara-artik-uyu-gibi-yanitlar-vermeye-basladi-h217203.html,Claude kullanıcıları bir süredir Claude&#039;un kendilerine dinlenmesini ve uyumasını tavsiye ettiği mesajlardan şikâyet etmeye başladı.,"HaberlerWebteknoYapay Zekâ Haberleri ve İçerikleriSebebini Geliştiricileri Bile Bilmiyor: Claude, Kullanıcılara ""Artık Uyu"", ""Biraz Dinlenmelisin"" Gibi Yanıtlar Vermeye Başladı!Sebebini Geliştiricileri Bile Bilmiyor: Claude, Kullanıcılara ""Artık Uyu"", ""Biraz Dinlenmelisin"" Gibi Yanıtlar Vermeye Başladı!×Webtekno'yu Google'a ekleyinWebtekno'yu Google'da tercih edilen kaynak olarak
        ekleyinClaude kullanıcıları bir süredir Claude'un kendilerine dinlenmesini ve uyumasını tavsiye ettiği mesajl",Barış Bulut /Editor20.05.2026 15:47,2026-05-20T15:47:49+03:00,https://imgrosetta.webtekno.com/file/663400/663400-1280x720.jpg
217157,2026 Dünya Kupası'nda Futbolu Baştan Sona Değiştirecek Yapay Zeka Teknolojileri,https://www.webtekno.com/2026-dunya-kupasi-yapay-zeka-teknolojileri-h217157.html,"2026 FIFA Dünya Kupası, sadece futboluyla değil yapay zekâ destekli teknolojileriyle de tarihe geçmeye hazırlanıyor. AI; hakem kararlarından güvenliğe, yayıncılıktan taraftar deneyimine kadar turnuvanın neredeyse her alanında aktif rol oynayacak.","HaberlerWebteknoYapay Zekâ Haberleri ve İçerikleri2026 Dünya Kupası'nda Futbolu Baştan Sona Değiştirecek Yapay Zeka Teknolojileri2026 Dünya Kupası'nda Futbolu Baştan Sona Değiştirecek Yapay Zeka Teknolojileri×Webtekno'yu Google'a ekleyinWebtekno'yu Google'da tercih edilen kaynak olarak
        ekleyin2026 FIFA Dünya Kupası, sadece futboluyla değil yapay zekâ destekli teknolojileriyle de tarihe geçmeye hazırlanıyor. AI; hakem kararlarından güvenliğe, yayıncılıktan taraftar deneyimine kadar turnuv",Deniz Şen /20.05.2026 09:29,2026-05-20T09:29:34+03:00,https://imgrosetta.webtekno.com/file/663264/663264-1280x720.gif?animation=true
217150,Google Pics Duyuruldu: Canva'ya Rakip Yapay Zekâ Destekli Görsel Tasarım Aracı,https://www.webtekno.com/yapay-zeka-destekli-gorsel-tasarim-araci-google-pics-duyuruldu-h217150.html,"Google, Workspace için Google Pics adlı yeni yapay zekâ destekli görsel tasarım aracını duyurdu. Araç, kullanıcıların fikirlerini ve iş içeriklerini hızlıca görselleştirmesine yardımcı olacak.","HaberlerWebteknoYapay Zekâ Haberleri ve İçerikleriGoogle Pics Duyuruldu: Canva'ya Rakip Yapay Zekâ Destekli Görsel Tasarım AracıGoogle Pics Duyuruldu: Canva'ya Rakip Yapay Zekâ Destekli Görsel Tasarım Aracı×Webtekno'yu Google'a ekleyinWebtekno'yu Google'da tercih edilen kaynak olarak
        ekleyinGoogle, Google Pics isimli yeni yapay zekâ destekli görsel tasarım aracını duyurdu. Workspace içinde konumlandırılan araç, kullanıcıların fikirlerini, sunumlarını ve iş içeriklerini hızlıca görselleşt",Beyazıt Kartal /Product Content Manager19.05.2026 21:34,2026-05-19T21:34:50+03:00,https://img.youtube.com/vi/96bat5PPBf0/mqdefault.jpg
217147,"Kendi Sokağınızda Video Oyunu Oynamaya Ne Dersiniz? Google, Project Genie'ye Street View Desteği Getirdi!",https://www.webtekno.com/google-project-genie-street-view-destegi-getirdi-h217147.html,"Google, Google I/O 2026 etkinliğinde Project Genie&#039;ye Street View desteği getirildiğini açıkladı.","HaberlerWebteknoYapay Zekâ Haberleri ve İçerikleriKendi Sokağınızda Video Oyunu Oynamaya Ne Dersiniz? Google, Project Genie'ye Street View Desteği Getirdi!Kendi Sokağınızda Video Oyunu Oynamaya Ne Dersiniz? Google, Project Genie'ye Street View Desteği Getirdi!×Webtekno'yu Google'a ekleyinWebtekno'yu Google'da tercih edilen kaynak olarak
        ekleyinGoogle, Google I/O 2026 etkinliğinde Project Genie'ye Street View desteği getirildiğini açıkladı.Barış Bulut /Editor19.05.2026 21:35Paylaş0Çocukke",Barış Bulut /Editor19.05.2026 21:35,2026-05-19T21:35:37+03:00,https://imgrosetta.webtekno.com/file/663231/663231-1280x720.jpg
217144,Google'ın En Gelişmiş Yapay Zekası Gemini AI Ultra'ya %83 İndirim Geldi,https://www.webtekno.com/gemini-ai-ultra-yuzde-83-indirim-geldi-h217144.html,"Google, Türkiye için Gemini AI Ultra&#039;nın abonelik fiyatını başlangıç için 1.479,99 TL’ye düşürdü. 8.999,99 TL’lik seçenek de devam ediyor.","HaberlerWebteknoYapay Zekâ Haberleri ve İçerikleriGoogle'ın En Gelişmiş Yapay Zekası Gemini AI Ultra'ya %83 İndirim GeldiGoogle'ın En Gelişmiş Yapay Zekası Gemini AI Ultra'ya %83 İndirim Geldi×Webtekno'yu Google'a ekleyinWebtekno'yu Google'da tercih edilen kaynak olarak
        ekleyinGoogle, Türkiye için Gemini AI Ultra'nın abonelik fiyatını başlangıç için 1.479,99 TL’ye düşürdü. Ancak 4 kat fazla limit isteyenler için 8.999,99 TL’lik seçenek de devam ediyor.Beyazıt Kartal /Product Content Mana",Beyazıt Kartal /Product Content Manager19.05.2026 21:10,2026-05-19T21:10:30+03:00,https://imgrosetta.webtekno.com/file/663223/663223-1280x720.png
217138,Google I/O 2026 Etkinliği Gerçekleşti: İşte Tüm Duyurular!,https://www.webtekno.com/google-io-2026-tum-duyurular-h217138.html,Google&#039;ın merakla beklenen Google I/O 2026 etkinliği gerçekleşti.,"HaberlerWebteknoYapay Zekâ Haberleri ve İçerikleriGoogle I/O 2026 Etkinliği Gerçekleşti: İşte Tüm Duyurular!Google I/O 2026 Etkinliği Gerçekleşti: İşte Tüm Duyurular!×Webtekno'yu Google'a ekleyinWebtekno'yu Google'da tercih edilen kaynak olarak
        ekleyinGoogle'ın merakla beklenen Google I/O 2026 etkinliği gerçekleşti. Peki etkinlikte ne gibi yenilikler duyuruldu?Barış Bulut /Editor19.05.2026 21:39Paylaş0Google I/O2026, alışık olduğumuz ""yapay zekâ"" kavramını çok daha yetenekli, proaktif ve",Barış Bulut /Editor19.05.2026 21:39,2026-05-19T21:39:26+03:00,https://imgrosetta.webtekno.com/file/663219/663219-1280x720.jpg
217135,Android Halo Duyuruldu: Yapay Zeka Ajanları Telefonunuza Geliyor!,https://www.webtekno.com/android-halo-duyuruldu-h217135.html,"Google, Android Halo isimli yeni Android deneyimini duyurdu. Bu özellik, arka planda çalışan Gemini destekli yapay zekâ ajanlarının ilerlemesini ve gerekli aksiyonları telefon ekranında görünür hâle getirecek.","HaberlerWebteknoYapay Zekâ Haberleri ve İçerikleriAndroid Halo Duyuruldu: Yapay Zeka Ajanları Telefonunuza Geliyor!Android Halo Duyuruldu: Yapay Zeka Ajanları Telefonunuza Geliyor!×Webtekno'yu Google'a ekleyinWebtekno'yu Google'da tercih edilen kaynak olarak
        ekleyinGoogle, Android Halo adlı yeni Android deneyimini duyurdu. Bu sistem, arka planda çalışan yapay zekâ ajanlarının ne yaptığını kullanıcılara gösterecek ve gerektiğinde aksiyon alınmasını sağlayacak.Beyazıt Kartal /Product Conte",Beyazıt Kartal /Product Content Manager19.05.2026 21:38,2026-05-19T21:38:39+03:00,https://imgrosetta.webtekno.com/file/663191/663191-1280x720.png
217132,Gemini Omni Duyuruldu: Hem Video Üretip Hem Düzenleyebilen Yapay Zeka!,https://www.webtekno.com/video-uretip-duzenleyebilen-yapay-zeka-gemini-omni-duyuruldu-h217132.html,"Google, Gemini Omni Flash modelini duyurdu. Yeni model; metin, görsel ve farklı girdilerden video üretme, mevcut videoları düzenleme ve sahneleri dönüştürme yetenekleriyle Google’ın üretken yapay zekâ hamlesini büyütüyor.","HaberlerWebteknoYapay Zekâ Haberleri ve İçerikleriGemini Omni Duyuruldu: Hem Video Üretip Hem Düzenleyebilen Yapay Zeka!Gemini Omni Duyuruldu: Hem Video Üretip Hem Düzenleyebilen Yapay Zeka!×Webtekno'yu Google'a ekleyinWebtekno'yu Google'da tercih edilen kaynak olarak
        ekleyinGoogle, Gemini Omni Flash isimli yeni yapay zekâ modelini duyurdu. Model, farklı girdilerden video oluşturma ve düzenleme yetenekleriyle öne çıkıyor. Omni, direkt olarak Gemini uygulamasının yanı sıra Search, Flow, G",Beyazıt Kartal /Product Content Manager19.05.2026 20:24,2026-05-19T20:24:07+03:00,https://img.youtube.com/vi/5E1Frstugt0/mqdefault.jpg
217129,"Gemini Tasarımı Baştan Aşağı Yenilendi: İşte Yeni ""Neural Expressive"" Arayüzü ve Yeni Özellikler!",https://www.webtekno.com/gemini-tasarimi-yenilendi-neural-expressive-ozellikler-h217129.html,"Google, Google I/O 2026&#039;da Gemini&#039;ın yeni &quot;Neural Expressive&quot; arayüzünü tanıttı.","HaberlerWebteknoYapay Zekâ Haberleri ve İçerikleriGemini Tasarımı Baştan Aşağı Yenilendi: İşte Yeni ""Neural Expressive"" Arayüzü ve Yeni Özellikler!Gemini Tasarımı Baştan Aşağı Yenilendi: İşte Yeni ""Neural Expressive"" Arayüzü ve Yeni Özellikler!×Webtekno'yu Google'a ekleyinWebtekno'yu Google'da tercih edilen kaynak olarak
        ekleyinGoogle, Google I/O 2026'da Gemini'ın yeni ""Neural Expressive"" arayüzünü tanıttı.Barış Bulut /Editor19.05.2026 21:21Paylaş2Her ay 900 milyondan fazla kişinin kapıs",Barış Bulut /Editor19.05.2026 21:21,2026-05-19T21:21:58+03:00,https://imgrosetta.webtekno.com/file/663151/663151-1280x720.jpg
217128,25 Yıllık Google Arama Motorunun Bugüne Kadarki En Büyük Güncellemesi Duyuruldu: Artık Arama Yapmanın Çok Ötesinde...,https://www.webtekno.com/google-arama-motorunun-bugune-kadarki-en-buyuk-guncellemesi-duyuruldu-h217128.html,"Google, Google I/O 2026 etkinliğinde Google Arama&#039;nın büyük ölçüde yenilendiğini ve yeni özelliklerini tanıttı.","HaberlerWebteknoYapay Zekâ Haberleri ve İçerikleri25 Yıllık Google Arama Motorunun Bugüne Kadarki En Büyük Güncellemesi Duyuruldu: Artık Arama Yapmanın Çok Ötesinde...25 Yıllık Google Arama Motorunun Bugüne Kadarki En Büyük Güncellemesi Duyuruldu: Artık Arama Yapmanın Çok Ötesinde...×Webtekno'yu Google'a ekleyinWebtekno'yu Google'da tercih edilen kaynak olarak
        ekleyinGoogle, Google I/O 2026 etkinliğinde Google Arama'nın büyük ölçüde yenilendiğini ve yeni özelliklerini tanıttı.Barış Bulut",Barış Bulut /Editor19.05.2026 20:50,2026-05-19T20:50:18+03:00,https://imgrosetta.webtekno.com/file/663190/663190-1280x720.jpg
217127,"Google, Alışverişi Kökünden Değiştirecek ""Universal Cart"" Özelliğini Tanıttı (Kredi Kartınızı Yapay Zekâya Emanet Etmeye Hazır mısınız?)",https://www.webtekno.com/google-universal-cart-ozelligini-tanitti-h217127.html,"Google, Google I/O 2026 etkinliğinde yeni Universal Cart özelliğini görücüye çıkardı.","HaberlerWebteknoYapay Zekâ Haberleri ve İçerikleriGoogle, Alışverişi Kökünden Değiştirecek ""Universal Cart"" Özelliğini Tanıttı (Kredi Kartınızı Yapay Zekâya Emanet Etmeye Hazır mısınız?)Google, Alışverişi Kökünden Değiştirecek ""Universal Cart"" Özelliğini Tanıttı (Kredi Kartınızı Yapay Zekâya Emanet Etmeye Hazır mısınız?)×Webtekno'yu Google'a ekleyinWebtekno'yu Google'da tercih edilen kaynak olarak
        ekleyinGoogle, Google I/O 2026 etkinliğinde yeni Universal Cart özelliğini görücüye çıkardı",Barış Bulut /Editor19.05.2026 21:12,2026-05-19T21:12:19+03:00,https://imgrosetta.webtekno.com/file/663181/663181-1280x720.jpg
217126,Gemini Spark Duyuruldu: 7/24 Çalışıp İşlerinizi Sizin Yerinize Yapacak Yapay Zeka Ajanı,https://www.webtekno.com/yapay-zeka-ajani-gemini-spark-duyuruldu-h217126.html,"Google, Gemini Enterprise için Gemini Spark isimli yeni kişisel yapay zekâ ajanını duyurdu. Spark; Workspace ve web üzerinde arka planda çalışarak çok adımlı işleri kullanıcı adına tamamlayabilecek.","HaberlerWebteknoYapay Zekâ Haberleri ve İçerikleriGemini Spark Duyuruldu: 7/24 Çalışıp İşlerinizi Sizin Yerinize Yapacak Yapay Zeka AjanıGemini Spark Duyuruldu: 7/24 Çalışıp İşlerinizi Sizin Yerinize Yapacak Yapay Zeka Ajanı×Webtekno'yu Google'a ekleyinWebtekno'yu Google'da tercih edilen kaynak olarak
        ekleyinGoogle, Gemini Spark isimli kişisel yapay zekâ ajanını duyurdu. Gemini Enterprise kullanıcılarının hizmetine sunulacak olan Spark; Google Workspace ve webde vermiş olduğunuz görevler",Beyazıt Kartal /Product Content Manager19.05.2026 20:36,2026-05-19T20:36:38+03:00,https://imgrosetta.webtekno.com/file/663147/663147-1280x720.png
217123,"Google, Yeni Modeli Gemini 3.5 Flash'ı Tanıttı (Gemini 3.1 Pro'nun Çok Üzerinde)",https://www.webtekno.com/google-yeni-modeli-gemini-3-5-flash-tanitti-h217123.html,"Google, yeni yapay zekâ modeli Gemini 3.5 Flash&#039;ı Google I/O 2026 etkinliğinde görücüye çıkardı.","HaberlerWebteknoYapay Zekâ Haberleri ve İçerikleriGoogle, Yeni Modeli Gemini 3.5 Flash'ı Tanıttı (Gemini 3.1 Pro'nun Çok Üzerinde)Google, Yeni Modeli Gemini 3.5 Flash'ı Tanıttı (Gemini 3.1 Pro'nun Çok Üzerinde)×Webtekno'yu Google'a ekleyinWebtekno'yu Google'da tercih edilen kaynak olarak
        ekleyinGoogle, yeni yapay zekâ modeli Gemini 3.5 Flash'ı Google I/O 2026 etkinliğinde görücüye çıkardı.Barış Bulut /Editor19.05.2026 20:28Paylaş0Google, yeni nesil yapay zekâ modelini resmen tanıttı. Şir",Barış Bulut /Editor19.05.2026 20:28,2026-05-19T20:28:14+03:00,https://imgrosetta.webtekno.com/file/663172/663172-1280x720.jpg
217119,"Apple, iOS 27 ile Gelecek Yeni Erişilebilirlik Özelliklerini Duyurdu",https://www.webtekno.com/apple-ios-27-ile-gelecek-yeni-erisilebilirlik-ozelliklerini-duyurdu-h217119.html,"Apple, iOS 27 ile birlikte gelecek yeni erişilebilirlik özelliklerini resmen açıkladı. Güncelleme; yapay zekâ destekli büyüteç, gelişmiş VoiceOver ve kişisel erişilebilirlik araçları gibi yenilikler sunacak.","HaberlerWebteknoYapay Zekâ Haberleri ve İçerikleriApple, iOS 27 ile Gelecek Yeni Erişilebilirlik Özelliklerini DuyurduApple, iOS 27 ile Gelecek Yeni Erişilebilirlik Özelliklerini Duyurdu×Webtekno'yu Google'a ekleyinWebtekno'yu Google'da tercih edilen kaynak olarak
        ekleyinApple, iOS 27 kapsamında kullanıcılara sunacağı yeni erişilebilirlik özelliklerini duyurdu. Yapay zekâ destekli sistemlerin öne çıktığı güncelleme, özellikle görme ve konuşma desteği tarafında önemli yenilikler getiriyor",Deniz Şen /19.05.2026 15:50,2026-05-19T15:50:12+03:00,https://imgrosetta.webtekno.com/file/663133/663133-1280x720.gif?animation=true
217111,OpenAI ile Elon Musk Arasındaki Davada Mahkeme Kararını Verdi,https://www.webtekno.com/openai-elon-musk-dava-karar-h217111.html,"Elon Musk’ın OpenAI ve Sam Altman’a karşı açtığı dava sonuçlandı. ABD’de görülen davada jüri, Musk’ın iddialarını reddederken davanın zaman aşımı nedeniyle geç açıldığına hükmetti.","HaberlerWebteknoYapay Zekâ Haberleri ve İçerikleriOpenAI ile Elon Musk Arasındaki Davada Mahkeme Kararını VerdiOpenAI ile Elon Musk Arasındaki Davada Mahkeme Kararını Verdi×Webtekno'yu Google'a ekleyinWebtekno'yu Google'da tercih edilen kaynak olarak
        ekleyinElon Musk’ın OpenAI’ye karşı açtığı yüksek profilli dava Musk aleyhine sonuçlandı. Jüri, davanın zaman aşımı süresi geçtikten sonra açıldığına karar verirken Musk cephesinden temyiz açıklaması geldi.Deniz Şen /19.05.2026 13:16Paylaş0E",Deniz Şen /19.05.2026 13:16,2026-05-19T13:16:47+03:00,https://imgrosetta.webtekno.com/file/663117/663117-1280x720.gif?animation=true
217104,2026 Dünya Kupası’nda Kullanılacak Teknolojiler: Yapay Zekâ da İşin İçinde!,https://www.webtekno.com/2026-dunya-kupasi-teknolojiler-h217104.html,"2026 FIFA Dünya Kupası’nda kullanılacak yeni teknolojiler belli olmaya başladı. Yapay zekâ destekli ofsayt sistemi, sensörlü futbol topları ve artırılmış gerçeklik çözümleri turnuvaya damga vurabilir.","HaberlerWebteknoYapay Zekâ Haberleri ve İçerikleri2026 Dünya Kupası’nda Kullanılacak Teknolojiler: Yapay Zekâ da İşin İçinde!2026 Dünya Kupası’nda Kullanılacak Teknolojiler: Yapay Zekâ da İşin İçinde!×Webtekno'yu Google'a ekleyinWebtekno'yu Google'da tercih edilen kaynak olarak
        ekleyin2026 FIFA Dünya Kupası yalnızca futboluyla değil, sahada kullanılacak yeni teknolojilerle de konuşulacak gibi görünüyor. Yapay zekâ destekli hakem sistemlerinden gelişmiş oyuncu takip çözümlerine kadar birç",Deniz Şen /19.05.2026 12:11,2026-05-19T12:11:13+03:00,https://imgrosetta.webtekno.com/file/663091/663091-1280x720.gif?animation=true
